Epitope - Name,MHC_epitope,labels
PILSADELLGSP,QEFFIASGAAVDAIMESSYDYFDLQKRNYHVVFT,0.0
GQIGNDPNRDIL,QEFFIASGAAVDAIMERSYDYYVLQKRNYHVGFT,1.0
MVWESGCTVIVML,QEFFIASGAAVDAIMEVHFDYYDLQKATYHVGFT,1.0
AGEFGTLRAGRVANQ,QEFFIASGAAVDAIMWLFLECYDLQRATYHVGFT,1.0
PKIVKQNTLKLAT,QEFFIASGAAVDAIMWLFLECYDLQRATYHVGFT,1.0
AAAWGGSGSEAYQGV,QEFFIASGAAVDAIMWGYFELYVIDRQTVHVGFT,1.0
VRVPVPQLQPQNPSQQQPQ,YNYHQRXFATVLHSLYFGLSSFAIRKARVHLETT,1.0
NRLLYNATTNILE,QEFFIASGAAVDAIMEVHFDYYDIDEATYHVVFT,1.0
GSFLKIPSLHLLL,QEFFIASGAAVDAIMELSFEHYDLQKQNYHVGFT,1.0
LSSWTAADTAAQITQ,QEFFIASGAAVDAIMEVHFDYYDLQKATYHVGFT,1.0
MDRADTLEQQNKEAN,QEFFIASGAAVDAIMEVHFDYYDLQKATYHVGFT,1.0
ASYKVMTRSSHQSLV,QEFFIASGAAVDAIMWLFLECYDLQRATYHAVFT,0.0
SIYVYAVPLKMLN,QEFFIASGAAVDAIMELSFEHYDLQKQNYHVGFT,1.0
PKYVKQQTLKLAT,QEFFIASGAAVDAIMWLFLECYDLQRATYHVGFT,1.0
AYRPPNAPILSTLPE,QEFFIASGAAVDAIMWLFLECYDLQRATYHVGFT,0.0
YKEFGATVELLSFLP,QEFFIASGAAVDAIMEVHFDYYDLQKATYHVGFT,1.0
VLLTFLQYRRLR,YAFFMFSGGAILNTLFGQFEYFDIEEVRMHLGMT,0.0
FWEQGGLCKALQEQC,YNYHERRFATVLHIVYFGLTYYDVRTETVHLETT,1.0
SYMTNMFATWSP,QEFFIASGAAVDAIMWLFLECYDLQRATYHVGFT,1.0
DKYVKQNTLKLAT,QEFFIASGAAVDAIMWLFLECYDLQRATYHVGFT,1.0
DPLIRGLLARPA,CNYHQGGGARVAHIMFFGLTYYDVGTETVHVAGI,1.0
MILAVQGVQDYINNE,QEFFIASGAAVDAIMWLFLECYDLQRATYHVGFT,1.0
GRILHNAAYSLTL,QEFFIASGAAVDAIMEVHFDYYDIDEATYHVVFT,1.0
SVIEKMNTQFTAVGKE,QEFFIASGAAVDAIMEVHFDYYDLQKATYHVGFT,1.0
LNKIVRMYSPTSILD,QEFFIASGAAVDAIMWLFLECYDLQRATYHVGFT,1.0
PKYVKQNTEKLAT,QEFFIASGAAVDAIMWLFLECYDLQRATYHVGFT,1.0
TGDLVLLDVCPLTLGIETVG,QEFFIASGAAVDAIMEVHFDYYSLQRATYHVGFT,1.0
VSSQFSDAAQASPSSHSS,QEFFIASGAAVDAIMEVHFDYYDLQKATYHVGFT,1.0
PKYVKQFTLKLAT,QEFFIASGAAVDAIMWLFLECYDLQRATYHVGFT,1.0
MGFIQAMSALRGM,QEFFIASGAAVDAIMELSFEHYDLQKQNYHVGFT,1.0
ICSLYQLENYCN,QEFFIASGAAVDAIMEVHFDYYDLQKATYHVGFT,0.0
MVCLRLPGGSCMAVLTVTL,QEFFIASGAAVDAIMWPRFDYFDIQAATYHVVFT,1.0
TLMIQNSGAVSAV,QEFFIASGAAVDAIMEVHFDYYDIDEATYHVVFT,1.0
GKPAIIPDREVLYRE,QEFFIASGAAVDAIMESSYDYFDLQKRNYHVVFT,1.0
YEHERDMHSAYKHAD,QEFFIASGAAVDAIMEVHFDYYDLQKATYHVGFT,1.0
ENPVVHYFRNIVTPR,QEFFIASGAAVDAIMWPRFDYYDLDRATYHVGFT,1.0
LGIIQPQQPAQLEGIRSLVL,YNYHQRXFATVLHSLYFGLSSFAIRKARVHLETT,1.0
HLIVSNSASSENM,QEFFIASGAAVDAIMEVHFDYYDIDEATYHVVFT,1.0
EKLLRAVETYLLAHSAEYN,QEFFIASGAAVDAIMWPRFDYFDIQAATYHVVFT,1.0
QQPQQAFPEQERP,YNYHQRXFATVLHSLYFGLTYYAVRTETVHLETT,1.0
LDLLFWEQGGLCKALQEQCRFP,QEFFIASGAAVDAIMWLFLECYDLQRATYHVGFT,1.0
KFFLSEEFNIAT,YAFFMFSGGAILNTLFGQFEYFDIEEVRMHLGMT,0.0
LAMVEADLERAEERA,QEFFIASGAAVDAIMESSYDYFDLQKRNYHVVFT,1.0
PGAGSLQPLALEGSLQ,YNYHQRXFATVLHSLYFGLTYYAVRTETVHLETT,1.0
GSLQPLALEGSL,QEFFIASGAAVDAIMEACNIYYDLRRETYYVVFT,1.0
VFGKQDEEFFFQGPKWRQH,QEFFIASGAAVDAIMQDYFHDYDFDRATYHVGFT,1.0
PKYVKQNTLKEAT,QEFFIASGAAVDAIMWLFLECYDLQRATYHVGFT,1.0
AAIRNDLAKQRAA,QEFFIASGAAVDAIMESSYDYFDLQKRNYHVVFT,1.0
KFFLSDEFNIAT,YAFFMFSGGAILNTLFGQFEYFDIEEVRMHLGMT,1.0
TPMFLLSRNTGEVRT,QEFFIASGAAVDAIMEVHFDYYDIDEATYHVVFT,0.0
TGINFDEPSVQKA,QEFFIASGAAVDAIMESSYDYFDLQKRNYHVVFT,0.0
LHVARSEMDKVRVFQATRGK,QEFFIASGAAVDAIMEVHFDYYDLQRATYHVVFT,0.0
SYVTNMFATWSP,QEFFIASGAAVDAIMWLFLECYDLQRATYHVGFT,1.0
NALLLGDSALYLCASS,QEFFIASGAAVDAIMQDYFHDYDFDRATYHVGFT,0.0
AQPQQSFPEQERP,YNYHQRXFATVLHSLYFGLTYYAVRTETVHLETT,1.0
EKYVKQNTLKLAT,QEFFIASGAAVDAIMWLFLECYDLQRATYHVGFT,1.0
GRHVVIDKSFGSPQIT,QEFFIASGAAVDAIMEVHFDYYDLQKATYHVGFT,1.0
SAEISIQALSYALGG,QEFFIASGAAVDAIMWLFLECYDLQRATYHVGFT,1.0
DVSKVHFFKGNGQT,QEFFIASGAAVDAIMWPRFDYFDIQAATYHVVFT,1.0
ATAAQITAGIALHQS,QEFFIASGAAVDAIMWLFLECYDLQRATYHVGFT,0.0
CPKYVKQNTLKLATG,QEFFIASGAAVDAIMWLFLECYDLQRATYHVGFT,1.0
SIYVYALPLKMLN,QEFFIASGAAVDAIMELSFEHYDLQKQNYHVGFT,1.0
YDVPDYASLRSLVASS,QEFFIASGAAVDAIMWLFLECYDLQRATYHVGFT,1.0
KFDSKKPKEDPGPARVIYTY,QEFFIASGAAVDAIMWPRFDYFDIQAATYHVVFT,1.0
VELLSFLPSDFFPSV,QEFFIASGAAVDAIMEVHFDYYDLQKATYHVGFT,1.0
AVFDSKLISEKET,QEFFIASGAAVDAIMWPRFDYFDIQAATYHVVFT,1.0
LQFVKDQPLMDDL,QEFFIASGAAVDAIMESSYDYFDLQKRNYHVVFT,0.0
NAFVQVLAEPPRI,YNYHQRXFATVLHSLYFGLSSFAIRKARVHLETT,1.0
QIPQQLQCAAIHSVAHSIIM,YNYHQRXFATVLHSLYFGLSSFAIRKARVHLETT,0.0
DVAYAFLHATDLLPACDGER,QEFFIASGAAVDAIMWLFLECYDLQRATYHVGFT,1.0
LVFFAEDVGSNKGAI,QEFFIASGAAVDAIMESSFDYFDIDEATYHVVFT,1.0
DWTFQTLVMLETVPR,QEFFIASGAAVDAIMQDYFHDYDFDRATYHVGFT,1.0
LQFLADLEELIT,YNYHQRXFATVLHSLYFGLSSFAIRKARVHLETT,0.0
GDTRPRFLWQPKRECHFFN,QEFFIASGAAVDAIMESSFDYFDFDRATYHVGFT,1.0
QQPFCQQPQRTIPQPHQTFH,YNYHQRXFATVLHSLYFGLSSFAIRKARVHLETT,0.0
ENPVVHFFQNIVTPR,QEFFIASGAAVDAIMWPRFDYFDIQAATYHVVFT,1.0
EKSEEEVHNLQKRMQ,QEFFIASGAAVDAIMWGYFELYVIDRQTVHVGFT,0.0
DQVHFQPLPPAVVKLSDALI,QEFFIASGAAVDAIMQDYFHDYDFDRATYHVGFT,1.0
DVNYAFLAATDLLPACDGER,QEFFIASGAAVDAIMWLFLECYDLQRATYHVGFT,1.0
LKKLVFGYRKPLDNIKDNVGKME,QEFFIASGAAVDAIMELSFEHYDLQKQNYHVGFT,1.0
YVLSSLHIYWGKE,CNYHQGGGARVAHIMFFGLTYYDVGTETVHVAGI,1.0
KHIRSQKNYLVQT,QEFFIASGAAVDAIMELSFEHYDLQKQNYHVGFT,1.0
QPFMTDIIEASSISH,QEFFIASGAAVDAIMEVHFDYYDLQKATYHVGFT,1.0
IEAAIHFYKGLAVY,QEFFIASGAAVDAIMWPRFDYFDIQAATYHVVFT,1.0
SYFTNMFATASP,QEFFIASGAAVDAIMWLFLECYDLQRATYHVGFT,1.0
LGTWTYDGSVVAINPES,YNYHERRFATVLHIVYFGLTYYAVRTETVHLETT,1.0
DAFKTLFVARVN,QEFFIASGAAVDAIMEVHFDYYDLQKATYHVGFT,1.0
WPQQQPFPQPQQPFCQQPQR,YNYHQRXFATVLHSLYFGLSSFAIRKARVHLETT,1.0
QRCRVHFMRNLYTAV,QEFFIASGAAVDAIMWPRFDYFDIQAATYHVVFT,1.0
DNQPTVTIKVYEGERPLTKD,QEFFIASGAAVDAIMEVHFDYYSLQRATYHVGFT,1.0
ASLIYRRRLMKQDFS,QEFFIASGAAVDAIMEVHFDYYSLQRATYHVGFT,1.0
ASFSSELFRHLHT,YAFFMFSGGAILNTLFGQFEYFDIEEVRMHLGMT,1.0
LSIAYPTLSEIKGVI,QEFFIASGAAVDAIMWLFLECYDLQRATYHVGFT,0.0
GAHCIHFFKSAVCR,QEFFIASGAAVDAIMWPRFDYFDIQAATYHVVFT,1.0
MGEIEENSASNSLVM,QEFFIASGAAVDAIMESSFDYYALRRETYHVVFT,1.0
SYCTNMFATWSP,QEFFIASGAAVDAIMWLFLECYDLQRATYHVGFT,1.0
SVIDCNTCVTQTVDFSLDPT,QEFFIASGAAVDAIMESSFDYFDIDEATYHVGFT,1.0
TSICSLYQLENYCN,QEFFIASGAAVDAIMEVHFDYYDLQRETYHVVFT,1.0
SSARLHFFRALPHP,QEFFIASGAAVDAIMWPRFDYFDIQAATYHVVFT,1.0
PKYVKQNELKLAT,QEFFIASGAAVDAIMWLFLECYDLQRATYHVGFT,1.0
IDPYKEFGATVELLS,QEFFIASGAAVDAIMEVHFDYYDLQKATYHVGFT,1.0
PVDYTLIKNVHKPSG,QEFFIASGAAVDAIMWPRFDYFDIQAATYHVVFT,1.0
KGMAALPRLIAFTSEHSHFS,QEFFIASGAAVDAIMEVHFDYYDLQKATYHVGFT,1.0
ILGFVFTLTVPSERG,QEFFIASGAAVDAIMEVHFDYYDLQKATYHVGFT,1.0
PEFSGLPSGIAEV,QEFFIASGAAVDAIMEVHFDYYDLQKATYHVGFT,1.0
KGLSATVTGGQKGRGYRGQH,QEFFIASGAAVDAIMWPRFDYFDIQAATYHVVFT,1.0
SYRTNMFATWSP,QEFFIASGAAVDAIMWLFLECYDLQRATYHVGFT,1.0
DVSLYGEIKAGVEGRNIQ,QEFFIASGAAVDAIMWLFLECYDLQRATYHVGFT,1.0
WLVLGFLWPLLTL,YNYHQRXFATVLHSLYFGLSSFAIRKARVHLETT,1.0
MYEMMIARFKMF,QEFFIASGAAVDAIMWLFLECYDLQRATYHVGFT,1.0
LAGEFGTLRAGRVANQ,QEFFIASGAAVDAIMWLFLECYDLQRATYHVGFT,1.0
ARFLAEEADRKYDEV,QEFFIASGAAVDAIMEVHFDYYDLQKATYHVGFT,1.0
YDTEYYLIPVASSSKD,QEFFIASGAAVDAIMESSFDYFDFDRATYHVGFT,1.0
AVDAEDKVLGYRNWLGLNKGD,QEFFIASGAAVDAIMWPRFDYFDIQAATYHVVFT,1.0
ATVELLSFLPSDFFP,QEFFIASGAAVDAIMEVHFDYYDLQKATYHVGFT,0.0
MAKTIAYDEEARRGLERGLN,QEFFIASGAAVDAIMESSYDYFDLQKRNYHVVFT,1.0
RVFKVVLPDPNKFAL,QEFFIASGAAVDAIMEVHFDYYDLQKATYHVGFT,1.0
KVKGDLQVIRPPRRQSERG,QEFFIASGAAVDAIMEVHFDYYDLQRATYHVVFT,1.0
TEWEPAYTPVGTS,QEFFIASGAAVDAIMEVHFDYYDLQKATYHVGFT,0.0
TPTLVEVSRNLGK,QEFFIASGAAVDAIMESSFDYFDFDRATYHVGFT,1.0
QPVEFNKAINYVN,QEFFIASGAAVDAIMEVHFDYYDIDEATYHVVFT,1.0
SLQKRGIVEQCCTSIC,QEFFIASGAAVDAIMEVHFDYYDLQKATYHVGFT,0.0
LFFDFYRLLHDA,YAFFMFSGGAILNTLFGQFEYFDIEEVRMHLGMT,0.0
PTIAFLQDVMNILLQYVVKS,QEFFIASGAAVDAIMEVHFDYYDLQKATYHVGFT,1.0
APLEGVLVELEVL,YNYHQRXFATVLHSLYFGLSSFAIRKARVHLETT,0.0
GAYYGSGTPSSFPTV,QEFFIASGAAVDAIMEVHFDYYDLQKATYHVGFT,1.0
PGAGSLQPLALEGSL,YNYHERRFATVLHIVYFGLTYYAVRTETVHLETT,1.0
LFAAFPSFAGLRPTFDTRLM,QEFFIASGAAVDAIMWPRFDYFDIQAATYHVVFT,0.0
PSYVKQNTLKLAT,QEFFIASGAAVDAIMWLFLECYDLQRATYHVGFT,1.0
PQQPFPQPQQQFPQPQQPQQ,YNYHQRXFATVLHSLYFGLSSFAIRKARVHLETT,1.0
EGRLQVVRPERSRQEWERQ,QEFFIASGAAVDAIMEVHFDYYDLQRATYHVVFT,1.0
RIMNDKKLIRMLFDTYEYVK,QEFFIASGAAVDAIMESSFDYFDIDEATYHVVFT,1.0
RLVHRDLAARNVL,QEFFIASGAAVDAIMESSYDYFDLQKRNYHVVFT,0.0
AVDADDKVLGYRNWLGLNRGD,QEFFIASGAAVDAIMWPRFDYFDIQAATYHVVFT,1.0
RKIFINNIKKQIDL,QEFFIASGAAVDAIMESGFDYYDFDRLTYHVGFT,1.0
VLSSRLALAGDTRPRFLWQ,QEFFIASGAAVDAIMESSFDYFDFDRATYHVGFT,1.0
LKMLHIPSINVHH,QEFFIASGAAVDAIMEVHFDYYDIDEATYHVVFT,1.0
DAQITASSYFTNMFATWSP,QEFFIASGAAVDAIMWLFLECYDLQRATYHVGFT,1.0
GSNKGAIIGLMVGGVVIA,QEFFIASGAAVDAIMWPRFDYFDIQAATYHVVFT,1.0
AVRQIFGDYKTTICGKGLSATV,QEFFIASGAAVDAIMWPRFDYFDIQAATYHVVFT,1.0
NPQVIHFFKSLDLL,QEFFIASGAAVDAIMWPRFDYFDIQAATYHVVFT,1.0
SGFLGPLLVLQAGFFLLTR,QEFFIASGAAVDAIMESSYDYFDLQKRNYHVVFT,1.0
LSWPAEGTPASTR,QEFFIASGAAVDAIMEVHFDYYDLQKATYHVGFT,0.0
HRAKLHFFKDENLK,QEFFIASGAAVDAIMWPRFDYFDIQAATYHVVFT,1.0
YLNKIQNSLSTE,QEFFIASGAAVDAIMEVHFDYYDLQKATYHVGFT,1.0
PEYVKQNTLKLAT,QEFFIASGAAVDAIMWLFLECYDLQRATYHVGFT,1.0
PICPGYRWMCLRRFIIFL,QEFFIASGAAVDAIMESGLEHFVIDRATYHAVFT,1.0
DHAREVKEKKRIMNDKKLIR,QEFFIASGAAVDAIMESSFDYFDIDEATYHVVFT,1.0
LQFLADLEELITK,YNYHQRXFATVLHSLYFGLSSFAIRKARVHLETT,1.0
SVQIPKVPYPNGIVY,QEFFIASGAAVDAIMWPRFDYFDIQAATYHVGFT,1.0
TKFIHTRPNRFEE,QEFFIASGAAVDAIMELSFEHYDLQKQNYHVGFT,1.0
IIFEANGNLIAPWYAFA,QEFFIASGAAVDAIMEVHFDYYDLQKATYHVGFT,1.0
IKELYLICGEDKW,YNYHERRFATVLHIVYFGLTYYAVRTETVHLETT,1.0
VLARLHFYRNDVHKE,QEFFIASGAAVDAIMWPRFDYFDIQAATYHVVFT,1.0
PKYVVQNTLKLAT,QEFFIASGAAVDAIMWLFLECYDLQRATYHVGFT,0.0
PKYVKQNTLKKAT,QEFFIASGAAVDAIMWLFLECYDLQRATYHVGFT,1.0
GRHVVIDKSFGSPQ,QEFFIASGAAVDAIMEVHFDYYDLQKATYHVGFT,1.0
IKGVIVHRLEGVSYN,QEFFIASGAAVDAIMWLFLECYDLQRATYHVGFT,1.0
MAYRFNGIGVTQNVLY,QEFFIASGAAVDAIMEVHFDYYDLQKATYHVGFT,0.0
PKYVFQNTLKLAT,QEFFIASGAAVDAIMWLFLECYDLQRATYHVGFT,1.0
NPQAQGSVQPQQLPQF,YNFHERXFATVLHILYFGLSSFAIRKARVHLETT,1.0
PKYVKQNGLKLAT,QEFFIASGAAVDAIMWLFLECYDLQRATYHVGFT,1.0
PKYVKQNTLKLDT,QEFFIASGAAVDAIMWLFLECYDLQRATYHVGFT,1.0
CFWYIPPSLRTLEDN,YNYHERRFATVLHIVYFGLTYYAVRTETVHLETT,1.0
GRILHNGAYSLTL,QEFFIASGAAVDAIMEVHFDYYDIDEATYHVVFT,1.0
GDTRPRFLEYSTSECHFFN,QEFFIASGAAVDAIMWGYFELYVIDRQTVHVGFT,1.0
PQPQLPYPQPQLPY,YNYHQRXFATVLHSLYFGLSSFAIRKARVHLETT,1.0
TVSFWLRVPKVSASHLE,QEFFIASGAAVDAIMESSFDYFDFDRATYHVGFT,1.0
SAQIHLYYNSNIG,QEFFIASGAAVDAIMWPRFDYFDIQAATYHVVFT,1.0
QPLALEGSLQKR,QEFFIASGAAVDAIMESSYDYFDLQKRNYHVVFT,1.0
KTFDWTNFRIISR,YAFFMFSGGAILNTLFGQFEYFDIEEVRMHLGMT,1.0
EILELAQSETCSPGGQ,QEFFIASGAAVDAIMEVHFDYYDLQKATYHVGFT,1.0
SQWAREALQTGITLV,QEFFIASGAAVDAIMWLFLECYDLQRATYHVGFT,1.0
PKYEKQNTLKLAT,QEFFIASGAAVDAIMWLFLECYDLQRATYHVGFT,0.0
VVLSGKPAIIPDREVLYREF,QEFFIASGAAVDAIMESSYDYFDLQKRNYHVVFT,1.0
LRYEVDSVLRYEV,QEFFIASGAAVDAIMESSYDYFDLQKRNYHVVFT,1.0
SRLNINLHFSKCGFP,QEFFIASGAAVDAIMKDFYHGYVFRRETVHVGFT,1.0
PKYVKQNTQKLAT,QEFFIASGAAVDAIMWLFLECYDLQRATYHVGFT,1.0
QKLVFFAEDVGSNKG,QEFFIASGAAVDAIMEVFLERYDLRRATYHVGFT,1.0
DFARVHFISALHGSG,QEFFIASGAAVDAIMWPRFDYFDIQAATYHVVFT,1.0
TGVEISLCADITRTGKVKPT,QEFFIASGAAVDAIMEVHFDYYDLQKATYHVGFT,0.0
PQSQPQYSQPQQPIS,YNFHERXFATVLHILYFGLSSFAIRKARVHLETT,1.0
QCECNIKVKDVNDNFPM,QEFFIASGAAVDAIMEVHFDYYDIDEATYHVVFT,1.0
IIPAFHFLKSEKGL,QEFFIASGAAVDAIMWPRFDYFDIQAATYHVVFT,1.0
LKQQWVDYNLKWNPDD,YNYHQRXFATVLHSLYFGLSSFAIRKARVHLETT,1.0
YTQINAASVGLRHKF,QEFFIASGAAVDAIMWLFLECYDLQRATYHVGFT,1.0
AKVAIVIARFNS,QEFFIASGAAVDAIMQDYFHDYDFDRATYHVGFT,1.0
HLVEALYLVCGERGFF,QEFFIASGAAVDAIMEVHFDYYDLQKATYHVGFT,0.0
FRLKINQGTPLK,QEFFIASGAAVDAIMEVHFDYYDIDEATYHVVFT,1.0
FGSLAFIPESFDG,YNYHQRXFATVLHSLYFGLSSFAIRKARVHLETT,0.0
EFGATVELLSFLPSD,QEFFIASGAAVDAIMEVHFDYYDLQKATYHVGFT,1.0
YLVAYQATVCARAQAPPPSW,QEFFIASGAAVDAIMWPRFDYFDIQAATYHVVFT,1.0
PKYRKQNTLKLAT,QEFFIASGAAVDAIMWLFLECYDLQRATYHVGFT,1.0
EELKSLNSVQAQYA,CNYHEGGGARVAHIMYFGGTHYVVGASRVHVAGI,1.0
AMKLEKDNAMDRADT,QEFFIASGAAVDAIMESSYDYFDLQKRNYHVVFT,1.0
QQEQQQGVPILRPLFQLAQG,YNYHQRXFATVLHSLYFGLSSFAIRKARVHLETT,0.0
KVKDDELRVIRPSRSQSERG,QEFFIASGAAVDAIMEVHFDYYDLQRATYHVVFT,1.0
PEVGRLTTLNSLNLPILKWL,QEFFIASGAAVDAIMEVHFDYYDLQRATYHVVFT,1.0
MQVDPSGQVQWPQQQPFPQP,YNYHQRXFATVLHSLYFGLSSFAIRKARVHLETT,0.0
NNCTRVEIAEYRRLL,QEFFIASGAAVDAIMWLFLECYDLQRATYHVGFT,0.0
LVEALYLVCGERGFFYTPKT,QEFFIASGAAVDAIMEVHFDYYDLQRETYHVVFT,1.0
NTNMFTYEIAPVFVLLEYVT,QEFFIASGAAVDAIMEVHFDYYDLQKATYHVGFT,1.0
RFLDRYFYHQEEYVR,QEFFIASGAAVDAIMEVHFDYYDLQKATYHVGFT,1.0
DRLEQLAGNLRENIELG,QEFFIASGAAVDAIMESGFDYYSFDRLTYHVGFT,1.0
LKKSDIDEIVLVGGSTRIPK,QEFFIASGAAVDAIMEVHFDYYSLQRATYHVGFT,1.0
ELEKAQQLNSERGVPN,QEFFIASGAAVDAIMEVHFDYYDLQKATYHVGFT,1.0
SYATNMFATWSP,QEFFIASGAAVDAIMWLFLECYDLQRATYHVGFT,1.0
DKSMKVTVAFNQF,YMFFQFSGGAILNTLFGQFEYFEIEKVRMHLDVT,1.0
EQVAQYKALPVVLENA,QEFFIASGAAVDAIMEVHFDYYDLQRATYHVGFT,1.0
HMLSFHFWKSRGQT,QEFFIASGAAVDAIMWPRFDYFDIQAATYHVVFT,1.0
VAYQATVCARAQAPPPSW,QEFFIASGAAVDAIMEVHFDYYDLQKATYHVGFT,1.0
YGAAVQAGVLSGDQDTGDLV,QEFFIASGAAVDAIMEVHFDYYSLQRATYHVGFT,1.0
LKMLNIPSINVHH,QEFFIASGAAVDAIMEVHFDYYDIDEATYHVVFT,1.0
NGQIGNDPNRDIL,QEFFIASGAAVDAIMESSYDYFDLQKRNYHVVFT,1.0
PSFFNNSSLARFF,QEFFIASGAAVDAIMELSFEHYDLQKQNYHVGFT,1.0
SFWLRVPKVSASHLE,QEFFIASGAAVDAIMESSFDYFDFDRATYHVGFT,1.0
RAEIVTEAEPEVD,YNYHQRXFATVLHSLYFGLSSFAIRKARVHLETT,0.0
NFTVSFWLRVPKVSASHLE,QEFFIASGAAVDAIMESSFDYFDFDRATYHVGFT,1.0
PRYVKQNTLKLAT,QEFFIASGAAVDAIMWLFLECYDLQRATYHVGFT,1.0
MCAWCSDEALPLGSP,QEFFIASGAAVDAIMERSYDYYVLQKRNYHVGFT,1.0
DTIPRGIEYIQQNGVVEERS,QEFFIASGAAVDAIMESSFDYYALRRETYHVVFT,1.0
KTLTNKLKAAEARAE,QEFFIASGAAVDAIMWLFLECYDLQRATYHVGFT,1.0
FNILGGWVAAQL,QEFFIASGAAVDAIMWLFLECYDLQRATYHVGFT,1.0
PTLSEIKGVIVHRLE,QEFFIASGAAVDAIMWLFLECYDLQRATYHVGFT,1.0
KENIIDLTKIDRCFQL,QEFFIASGAAVDAIMESSYDYFDLQKRNYHVVFT,1.0
PKYVRQNTLKLAT,QEFFIASGAAVDAIMWLFLECYDLQRATYHVGFT,1.0
TIPQPHQTFHHQPQQTFPQP,YNYHQRXFATVLHSLYFGLSSFAIRKARVHLETT,0.0
NGQIGNDPNRKIL,QEFFIASGAAVDAIMESSYDYFDLQKRNYHVVFT,1.0
AGWLADRSVRYPI,QEFFIASGAAVDAIMEVHFDYYDLQKATYHVGFT,1.0
MYAMMIERFKMF,QEFFIASGAAVDAIMWLFLECYDLQRATYHVGFT,1.0
HTATPLDFLHIMDSSQLIH,QEFFIASGAAVDAIMEVHFDYYDLQKATYHVGFT,1.0
SELDLRSLRTVTPIRMQGG,CNYHQGGGARVAHIMFFGLTYYDVGTETVHVAGI,1.0
SKDQFEFALTAVAEEVNAILK,QEFFIASGAAVDAIMEVHFDYYDLQKATYHVGFT,1.0
SYQTNMFATWSP,QEFFIASGAAVDAIMWLFLECYDLQRATYHVGFT,1.0
LESVVHFLRGQKVT,QEFFIASGAAVDAIMWPRFDYFDIQAATYHVVFT,1.0
FNNFTVSFWLRVPKVSASHLE,QEFFIASGAAVDAIMESSFDYFDFDRATYHVGFT,1.0
RLSVVHFLRANAVS,QEFFIASGAAVDAIMWPRFDYFDIQAATYHVVFT,1.0
GHPRYFNQLSTG,QEFFIASGAAVDAIMEVHFDYYDLQKATYHVGFT,1.0
DFNHYYTLKTGLEAD,QEFFIASGAAVDAIMWPRFDYFDIQAATYHVGFT,1.0
DERGKMIPSDLERRILEAKQ,QEFFIASGAAVDAIMEVHFDYYDLQKATYHVGFT,1.0
VGIGSASYKVMTRSS,QEFFIASGAAVDAIMWLFLECYDLQRATYHAVFT,0.0
DVFQTVKSLRLQR,QEFFIASGAAVDAIMELSFEHYDLQKQNYHVGFT,1.0
MSYLEDVRLVHRD,QEFFIASGAAVDAIMESSYDYFDLQKRNYHVVFT,1.0
PMCAWCSDEALPLGS,QEFFIASGAAVDAIMERSYDYYVLQKRNYHVGFT,1.0
DDLMGSRSNFDSTLI,QEFFIASGAAVDAIMEVHFDYYSLQRATYHVGFT,1.0
SYYTNMFATWSP,QEFFIASGAAVDAIMWLFLECYDLQRATYHVGFT,1.0
ITVVLHKTSEPGKYTA,QEFFIASGAAVDAIMEVHFDYYDLQKATYHVGFT,0.0
IAPAVQTNWQKLETFWAKHM,QEFFIASGAAVDAIMELSFEHYDLQKQNYHVGFT,1.0
DTRPRFLWQPKRECH,QEFFIASGAAVDAIMQDYFHDYDFDRATYHVGFT,1.0
PKYVKQNTLKLKT,QEFFIASGAAVDAIMWLFLECYDLQRATYHVGFT,1.0
NKKCDKKCIEWEKAQHGA,QEFFIASGAAVDAIMWLFLECYDLQRATYHVGFT,1.0
LAKEWQALCAYQAEPNTCATAQG,QEFFIASGAAVDAIMEVHFDYYDLQKATYHVGFT,1.0
SYLKDSDFLDAAL,QEFFIASGAAVDAIMEVHFDYYSLQRATYHVGFT,1.0
INPESDQPDLSNFMESG,YNFHERXFATVLHILYFGLSSFAIRKARVHLETT,1.0
AVDADDKVLGYRNWLGLMKGD,QEFFIASGAAVDAIMWPRFDYFDIQAATYHVVFT,1.0
WLVLPFLWPLLTL,YNYHQRXFATVLHSLYFGLSSFAIRKARVHLETT,1.0
FSQPEQEFPQPQ,YNYHQRXFATVLHSLYFGLSSFAIRKARVHLETT,1.0
EKVEKMNTQYTAT,QEFFIASGAAVDAIMEVHFDYYDLQKATYHVGFT,1.0
QNITVVLHKTSEPGKY,QEFFIASGAAVDAIMEVHFDYYDLQKATYHVGFT,0.0
YPGYFADYEELREQLSS,YNYHQRXFATVLHSLYFGLSSFAIRKARVHLETT,1.0
APLEAVLVELEVL,YNYHQRXFATVLHSLYFGLSSFAIRKARVHLETT,0.0
GVLLKEFTVSGN,QEFFIASGAAVDAIMEVHFDYYDLQKATYHVGFT,1.0
DIDPYKEFGATVELL,QEFFIASGAAVDAIMEVHFDYYDLQKATYHVGFT,1.0
LRYEVDTVLRYEV,QEFFIASGAAVDAIMESSYDYFDLQKRNYHVVFT,1.0
TDAYVTRTNIFYHA,QEFFIASGAAVDAIMEVHFDYYDLQKATYHVGFT,1.0
AVDAEDKVLGYRNWLGLNRGD,QEFFIASGAAVDAIMWPRFDYFDIQAATYHVVFT,1.0
QQPQQSFPEQEAP,YNYHQRXFATVLHSLYFGLTYYAVRTETVHLETT,1.0
SEGSIHFFKADLLS,QEFFIASGAAVDAIMWPRFDYFDIQAATYHVVFT,1.0
ELERIRRSILPYGDS,QEFFIASGAAVDAIMESGFDYYDFDRLTYHVGFT,1.0
RKYDEVARKLAMVEA,QEFFIASGAAVDAIMWLFLECYDLQRATYHVGFT,1.0
PKFVKQNTLKLAT,QEFFIASGAAVDAIMWLFLECYDLQRATYHVGFT,1.0
KDFLEDRRALVDTYC,QEFFIASGAAVDAIMESGFDYYSFDRLTYHVGFT,1.0
GQVELGGGPGAGS,YNYHERRFATVLHIVYFGLTYYAVRTETVHLETT,1.0
YQEAIQQLDAELRNTK,QEFFIASGAAVDAIMEVHFDYYDLQKATYHVGFT,1.0
QRALYHTENAYVSVVS,QEFFIASGAAVDAIMEVHFDYYDLQKATYHVGFT,1.0
QPLALEGSLQKRGIVE,QEFFIASGAAVDAIMEVHFDYYDLQKATYHVGFT,0.0
SGEASFQPSQENP,YNYHQRXFATVLHSLYFGLTYYAVRTETVHLETT,1.0
RTGVRTITTGSPITYSTYG,QEFFIASGAAVDAIMEVHFDYYDLQKATYHVGFT,1.0
ETTMRSPVFTDNSSPPAV,QEFFIASGAAVDAIMEVHFDYYDLQKATYHVGFT,1.0
RLVVLATATPPGSVTVSH,QEFFIASGAAVDAIMEVHFDYYDLQKATYHVGFT,1.0
INVREGIAFRPASKTFT,QEFFIASGAAVDAIMEVHFDYYDIDEATYHVVFT,0.0
SDVGEYRAVTELGRP,QEFFIASGAAVDAIMQDYFHDYDFDRATYHVGFT,1.0
VYILIAVCLGGLIGI,QEFFIASGAAVDAIMWLFLECYDLQRATYHVGFT,1.0
DRYFYNQEESVRFD,QEFFIASGAAVDAIMWPRFDYFDIQAATYHVVFT,1.0
SPVFTDNSSPPVVPQSFQVA,QEFFIASGAAVDAIMESSFDYFDFDRATYHVGFT,1.0
PKYVKQKTLKLAT,QEFFIASGAAVDAIMWLFLECYDLQRATYHVGFT,0.0
QKYSEHFSIHCCPPFTFLNSKK,QEFFIASGAAVDAIMWPRFDYFDIQAATYHVVFT,1.0
MIARFKMFPEVKEKG,QEFFIASGAAVDAIMEVHFDYYDLQRATYHVVFT,1.0
SYNTNMFATWSP,QEFFIASGAAVDAIMWLFLECYDLQRATYHVGFT,1.0
PILSADDLLGSP,QEFFIASGAAVDAIMESSYDYFDLQKRNYHVVFT,1.0
ILQITQYLDFLLL,QEFFIASGAAVDAIMWPRFDYFDIQAATYHVVFT,1.0
PDTAADSELRRWIKY,QEFFIASGAAVDAIMESSFDYFDFDEATYHVVFT,1.0
ERGVLQNNALMVPHWNFNAS,QEFFIASGAAVDAIMWPRFDYFDIQAATYHVVFT,1.0
GLYVPHWNLNAHSVVYAIRG,QEFFIASGAAVDAIMEVHFDYYDLQRATYHVVFT,1.0
ALTGGMELTRDPTVP,QEFFIASGAAVDAIMWGYFELYVIDRQTVHVGFT,1.0
TNFRAILTAFSPAQDIW,QEFFIASGAAVDAIMEVHFDYYDLQKATYHVGFT,1.0
AVCLGGLIGIPALIC,QEFFIASGAAVDAIMWLFLECYDLQRATYHVGFT,0.0
HPFALTLFEDILY,YAFFMFSGGAILNTLFGQFEYFDIEEVRMHLGMT,1.0
KTFDWTQFRIISR,YAFFMFSGGAILNTLFGQFEYFDIEEVRMHLGMT,1.0
ENAVVHFFRSLVSS,QEFFIASGAAVDAIMWPRFDYFDIQAATYHVVFT,1.0
RGWKHSVTYSCCPDTPY,CNYHEGGGARVAHIMYFGGTHYVVGASRVHVAGI,1.0
VLSSPLALAGDTRPRFLEY,QEFFIASGAAVDAIMWPRFDYFDIQAATYHVVFT,1.0
PKYVATQGYLISNFD,QEFFIASGAAVDAIMWLFLECYDLQRATYHVGFT,0.0
ARSVFHFFRGTALL,QEFFIASGAAVDAIMWPRFDYFDIQAATYHVVFT,1.0
LSSKCSVVLGPKWPSHYLMV,QEFFIASGAAVDAIMEVHFDYYDLQKATYHVGFT,0.0
PKYVKQSTLKLAT,QEFFIASGAAVDAIMWLFLECYDLQRATYHVGFT,1.0
FGVKIHFFKQRNSL,QEFFIASGAAVDAIMWPRFDYFDIQAATYHVVFT,1.0
FYLKNVQTQETRTLTQFHF,QEFFIASGAAVDAIMEVHFDYYDLQKATYHVGFT,1.0
GSGKDSHHPARTAHYGSLPQ,QEFFIASGAAVDAIMWPRFDYFDIQAATYHVVFT,1.0
MAAMMIARFKMF,QEFFIASGAAVDAIMWLFLECYDLQRATYHVGFT,1.0
GNGCFKIYHKCDNACI,QEFFIASGAAVDAIMWGYFELYVIDRQTVHVGFT,1.0
APDRKGFRLLLASPRSCYKL,QEFFIASGAAVDAIMEVHFDYYDLQKATYHVGFT,0.0
VAATLGFGAYMSKAHGVD,QEFFIASGAAVDAIMEVHFDYYDLQKATYHVGFT,1.0
YEMKFNNNFDKDVVD,QEFFIASGAAVDAIMWPRFDYFDIQAATYHVGFT,1.0
DLKYTYAFTKKVK,QEFFIASGAAVDAIMWPRFDYFDIQAATYHVVFT,1.0
EVEKAKRALSSQHQARIEIE,QEFFIASGAAVDAIMEVHFDYYSLQRATYHVGFT,1.0
TKFIHTKPNRFEE,QEFFIASGAAVDAIMELSFEHYDLQKQNYHVGFT,1.0
YWGPSLYSIVSPFIPL,QEFFIASGAAVDAIMESSYDYFDLQKRNYHVVFT,1.0
LQPQQPFPQQPQQPYPQQPQ,YNYHQRXFATVLHSLYFGLSSFAIRKARVHLETT,1.0
NFCNAVVESNGTLTLSHFGKC,QEFFIASGAAVDAIMKDFYHGYVFRRETVHVGFT,1.0
MYAMMIARFAMF,QEFFIASGAAVDAIMWLFLECYDLQRATYHVGFT,1.0
RAPVVTHTYLEPGPV,QEFFIASGAAVDAIMEVHFDYYSLQRATYHVGFT,1.0
GKAPRLLIHYTSALQPGI,QEFFIASGAAVDAIMWGYFELYVIDRQTVHVGFT,1.0
DANLISIDIKNLLYEKTL,QEFFIASGAAVDAIMESSYDYFDLQKRNYHVVFT,1.0
DLESYLQLNCERGTWR,QEFFIASGAAVDAIMEVHFDYYDLQKATYHVGFT,1.0
EEFGRFASFEAQGAL,QEFFIASGAAVDAIMWPRFDYFDIQAATYHVVFT,1.0
TLMIQNAGAVSAV,QEFFIASGAAVDAIMEVHFDYYDIDEATYHVVFT,1.0
QLENDLDQVQESLLK,QEFFIASGAAVDAIMEVHFDYYDLQKATYHVGFT,1.0
QPYPQPQPFPSQQPYLQL,YNYHQRXFATVLHSLYFGLSSFAIRKARVHLETT,0.0
GLQILQTGVGQREE,QEFFIASGAAVDAIMEVHFDYYDLQKATYHVGFT,0.0
VILAGPCILRQLRHL,QEFFIASGAAVDAIMWLFLECYDLQRATYHVGFT,1.0
YKHKIHFFKNEVLE,QEFFIASGAAVDAIMWPRFDYFDIQAATYHVVFT,1.0
VLSSPLALAGDTQPRFLWQ,QEFFIASGAAVDAIMESSFDYFDFDRATYHVGFT,1.0
LRDPISAEISIQALS,QEFFIASGAAVDAIMWLFLECYDLQRATYHVGFT,1.0
ELITSVIQDGDMVDT,QEFFIASGAAVDAIMWGYFELYVIDRQTVHVGFT,1.0
KCAEWEKAQHGA,QEFFIASGAAVDAIMWLFLECYDLQRATYHVGFT,1.0
QHDVNFTQEVSRLNI,QEFFIASGAAVDAIMKDFYHGYVFRRETVHVGFT,1.0
EEYLILSARDVLAVVSK,QEFFIASGAAVDAIMESSFDYYDLRRETYHVVFT,1.0
VGLLKAVESYLLAHSDAYN,QEFFIASGAAVDAIMWPRFDYFDIQAATYHVVFT,1.0
FRLKINDGTPLK,QEFFIASGAAVDAIMEVHFDYYDIDEATYHVVFT,1.0
LLGILESRGIKARIT,QEFFIASGAAVDAIMWLFLECYDLQRATYHVGFT,1.0
TWTTCQSIAFPSKTSASIGS,QEFFIASGAAVDAIMEVHFDYYDLQKATYHVGFT,1.0
RLVHRDIAARNVL,QEFFIASGAAVDAIMESSYDYFDLQKRNYHVVFT,0.0
MYAMAIARFKMF,QEFFIASGAAVDAIMWLFLECYDLQRATYHVGFT,1.0
FRLKINEGTPLK,QEFFIASGAAVDAIMEVHFDYYDIDEATYHVVFT,1.0
PKYVKQNKLKLAT,QEFFIASGAAVDAIMWLFLECYDLQRATYHVGFT,1.0
KYMAWYQQTPGKAPR,QEFFIASGAAVDAIMWGYFELYVIDRQTVHVGFT,1.0
PQQPFPQPQQPQQPFPQSQQ,YNYHQRXFATVLHSLYFGLSSFAIRKARVHLETT,1.0
NWELADQPQNLEEILMHCQT,QEFFIASGAAVDAIMWPRFDYYDFDRATYHVGFT,1.0
SGQGSFQPSQQNP,YNYHERRFATVLHIVYFGLTYYAVRTETVHLETT,1.0
PPVPVSKVVSTDEYVARTNIYYHA,QEFFIASGAAVDAIMEVHFDYYDLQKATYHVGFT,1.0
TRILTIPQSLDSWWTSLNF,QEFFIASGAAVDAIMEVHFDYYDIDEATYHVVFT,1.0
ERSEERLNTATTKLA,QEFFIASGAAVDAIMKDFYHGYVFRRETVHVGFT,0.0
RAEIVTDAEPEVD,YNYHQRXFATVLHSLYFGLSSFAIRKARVHLETT,0.0
TERVRFLDRYFYNQEESVR,QEFFIASGAAVDAIMESSFDYFDFDRATYHVGFT,1.0
STARVHFWRSRSSE,QEFFIASGAAVDAIMWPRFDYFDIQAATYHVVFT,1.0
PGFVTYDNQKTLYAT,QEFFIASGAAVDAIMWPRFDYFDIQAATYHVVFT,1.0
RFGISNYCQIYPPNANKIREAL,QEFFIASGAAVDAIMWLFLECYDLQRATYHVGFT,1.0
MFSTLSEAAIQEE,QEFFIASGAAVDAIMEVHFDYYDLQKATYHVGFT,1.0
KYECHFFNGTERVRF,QEFFIASGAAVDAIMQDYFHDYDFDRATYHVGFT,1.0
GNALFLLCGEEVKI,YNYHERRFATVLHIVYFGLTYYAVRTETVHLETT,1.0
ASFSTELFRHLHT,YAFFMFSGGAILNTLFGQFEYFDIEEVRMHLGMT,1.0
QYLAGLSTLPGN,QEFFIASGAAVDAIMESSFDYFDFDRATYHVVFT,1.0
LGQQQPFPPQQPYPQPQPF,YNYHQRXFATVLHSLYFGLSSFAIRKARVHLETT,1.0
LPSYEEALSLPSKTPEQ,QEFFIASGAAVDAIMEVHFDYYDLQKATYHVGFT,1.0
GEVHCGTNVRRKPFSFKWWNMVP,QEFFIASGAAVDAIMEVHFDYYDLQKATYHVGFT,0.0
YAAQGYKVLVLNPSVAAT,QEFFIASGAAVDAIMEVHFDYYDLQKATYHVGFT,0.0
REFTKATNVRLRF,QEFFIASGAAVDAIMELSFEHYDLQKQNYHVGFT,1.0
QFPQPQQPQQSFPQQQQPAI,YNYHQRXFATVLHSLYFGLSSFAIRKARVHLETT,1.0
MWNFISGIQYLAGLSTLPGN,QEFFIASGAAVDAIMESSFDYFDFDRATYHVGFT,1.0
SYSTNMFATWSP,QEFFIASGAAVDAIMWLFLECYDLQRATYHVGFT,1.0
FLKKFHFLKGATLC,QEFFIASGAAVDAIMWPRFDYFDIQAATYHVVFT,1.0
VIGMDVAASEFFRSGKYDLD,YAFFMFSGGAILNTLFGQFEYFAIEKVRMHLGMT,1.0
KDILEDRRGQVDTYC,QEFFIASGAAVDAIMWGYFELYVIDRQTVHVGFT,1.0
DANLISIDIKNKLYEKTL,QEFFIASGAAVDAIMESSYDYFDLQKRNYHVVFT,1.0
PRGTMQAINNERKASK,QEFFIASGAAVDAIMEVHFDYYDLQKATYHVGFT,1.0
VTYTNDCLLCAYSIEFGTN,QEFFIASGAAVDAIMKDFYHGYVFRRETVHVGFT,1.0
ESLTTTSTALGKLQDVV,QEFFIASGAAVDAIMEVHFDYYDLQKATYHVGFT,1.0
GRNVVLDKSFGAPQIT,QEFFIASGAAVDAIMEVHFDYYDLQKATYHVGFT,1.0
RSYVTTSTRTYSLGSALRPSTS,YAFFMFSGGAILNTLFGQFEYFAIEKVRMHLGMT,1.0
ESKIVELEEELRVVG,QEFFIASGAAVDAIMESSYDYFDLQKRNYHVVFT,1.0
ETLLRAVESYLLAHSDAYN,QEFFIASGAAVDAIMWPRFDYFDIQAATYHVVFT,1.0
LKVESSPSRSDYINASPII,QEFFIASGAAVDAIMEVHFDYYDLQKATYHVGFT,0.0
SSYFTFQLQNIV,YAFFMFSGGAILNTLFGQFEYFDIEEVRMHLGMT,1.0
RKLTELNAELSDK,QEFFIASGAAVDAIMWPRFDYFDIQAATYHVVFT,1.0
RGLLARPAKLQVQ,CNYHQGGGARVAHIMFFGLTYYDVGTETVHVAGI,1.0
DTRPRFLQQDKYECH,QEFFIASGAAVDAIMQDYFHDYDFDRATYHVGFT,1.0
ALLLLVILAGPCILR,QEFFIASGAAVDAIMWLFLECYDLQRATYHVGFT,1.0
QQTYPHQPQQQFPQTQQPQQ,YNYHQRXFATVLHSLYFGLSSFAIRKARVHLETT,0.0
FLGAGLFIYFRNQKG,QEFFIASGAAVDAIMWPRFDYFDIQAATYHVVFT,1.0
FPGQQQQFPPQQPYPQPQPF,YNYHQRXFATVLHSLYFGLSSFAIRKARVHLETT,0.0
SVIEKMNTQFTAV,QEFFIASGAAVDAIMEVHFDYYDLQKATYHVGFT,1.0
VCVMLNSNVLLWL,QEFFIASGAAVDAIMEVHFDYYDIDEATYHVVFT,1.0
SAIGIYLGRFLR,QEFFIASGAAVDAIMQDYFHDYDFDRATYHVGFT,1.0
LRPVGAAAVPLLSAGGLVSP,QEFFIASGAAVDAIMWGYFELYVIDRQTVHVGFT,1.0
DAGWLRDQTVRYPIVSPRT,QEFFIASGAAVDAIMEVHFDYYDLQKATYHVGFT,0.0
VAYESSEIASKKAG,QEFFIASGAAVDAIMWPRFDYFDIQAATYHVVFT,0.0
IELGGKPALVPDKEVLYQQY,QEFFIASGAAVDAIMESSYDYFDLQKRNYHVVFT,1.0
EQVGRINTVNSNTLPVLRWL,QEFFIASGAAVDAIMEVHFDYYDLQRATYHVVFT,1.0
GSFLRIPSLHLLL,QEFFIASGAAVDAIMELSFEHYDLQKQNYHVGFT,1.0
VLLAFLQYRRLR,YAFFMFSGGAILNTLFGQFEYFDIEEVRMHLGMT,1.0
KDLLEQKRAAVDTYC,CNYHQGGGARVAHIMFFGLTYYDVGTETVHVAGI,1.0
RQLQVDRTKLSRA,QEFFIASGAAVDAIMESSYDYFDLQKRNYHVVFT,1.0
VKEIDIAATLEHV,QEFFIASGAAVDAIMEVHFDYYDLQKATYHVGFT,1.0
QDEKDYIDAYVSR,QEFFIASGAAVDAIMWPRFDYFDIQAATYHVVFT,1.0
SVSVIHFFKAPAAI,QEFFIASGAAVDAIMWPRFDYFDIQAATYHVVFT,1.0
EYLNKIQNSLST,QEFFIASGAAVDAIMEVHFDYYDLQKATYHVGFT,1.0
QFVYAGAMSGLLDPS,QEFFIASGAAVDAIMWGYFELYVIDRQTVHVGFT,1.0
IEPIVATNWQKLEAFWHKHM,QEFFIASGAAVDAIMELSFEHYDLQKQNYHVGFT,1.0
LNKNIHFFKNLPLP,QEFFIASGAAVDAIMWPRFDYFDIQAATYHVVFT,1.0
RVLNIDLLWSVPI,QEFFIASGAAVDAIMESSYDYFDLQKRNYHVVFT,1.0
PLMMDDERAAKVYEN,YNYHERRFATVLHIVYFGLTYYAVRTETVHLETT,1.0
LRPTFDTRLMRLEDEMKEGR,QEFFIASGAAVDAIMESSFDYFDIDEATYHVVFT,0.0
RPTLAFLQDVMNILLQYVVK,QEFFIASGAAVDAIMEVHFDYYDLQKATYHVGFT,1.0
SYWTNMFATWSP,QEFFIASGAAVDAIMWLFLECYDLQRATYHVGFT,1.0
MHGNWHFFRNFLSN,QEFFIASGAAVDAIMWPRFDYFDIQAATYHVVFT,1.0
PVTLAETGSTLLYPL,QEFFIASGAAVDAIMWGYFELYVIDRQTVHVGFT,1.0
QYYEEEERQRGNFPDRFSG,QEFFIASGAAVDAIMWPRFDYFDIQAATYHVVFT,0.0
SGLPSGEVLETSA,QEFFIASGAAVDAIMEVHFDYYDLQKATYHVGFT,0.0
CDVGSDWRFLRGYHQYAYDGKD,QEFFIASGAAVDAIMWPRFDYFDIQAATYHVVFT,1.0
GHVTSTLTSLFRPGASQK,QEFFIASGAAVDAIMESSFDYFDFDRATYHVGFT,1.0
QRCRVHFLRNVLAQV,QEFFIASGAAVDAIMWPRFDYFDIQAATYHVVFT,1.0
PKYVKQTTLKLAT,QEFFIASGAAVDAIMWLFLECYDLQRATYHVGFT,1.0
PEQPTHAVCVLGTLTQLDIC,QEFFIASGAAVDAIMEVHFDYYDLQKATYHVGFT,0.0
ERMRKVLENRSLSDE,QEFFIASGAAVDAIMWLFLECYDLQRATYHVGFT,0.0
GLDLLFWEQGGLCKA,QEFFIASGAAVDAIMWPRFDYFDIQAATYHVGFT,1.0
LLSFLPSDFFPSVRD,QEFFIASGAAVDAIMEVHFDYYDLQKATYHVGFT,1.0
DVMNILLQYVVKSFDRSTK,QEFFIASGAAVDAIMEACNIYYDLRRETYYVVFT,1.0
CAWCSDEALPLGSPR,QEFFIASGAAVDAIMERSYDYYVLQKRNYHVGFT,1.0
AYAMMIARFKMF,QEFFIASGAAVDAIMWLFLECYDLQRATYHVGFT,1.0
SGEGSFQPSAENP,YNYHQRXFATVLHSLYFGLTYYAVRTETVHLETT,1.0
LQFVKDKPLMDDL,QEFFIASGAAVDAIMESSYDYFDLQKRNYHVVFT,0.0
IHSVAHSIIMQQEQQQGVPI,YNYHQRXFATVLHSLYFGLSSFAIRKARVHLETT,0.0
LDHILEPSIPWKSKL,QEFFIASGAAVDAIMKDFYHGYVFRRETVHVGFT,1.0
DALESIMTTKSVSFR,QEFFIASGAAVDAIMWGYFELYVIDRQTVHVGFT,1.0
CECNIKVKDVNDNFP,QEFFIASGAAVDAIMEVHFDYYDIDEATYHVVFT,0.0
SLVLGKNQTLAT,QEFFIASGAAVDAIMESSFDYFDIDEATYHVGFT,1.0
EKGVLYKNALVLPHWNLNSH,QEFFIASGAAVDAIMWPRFDYFDIQAATYHVVFT,1.0
DENPVAHFFKNIVTPRTPP,QEFFIASGAAVDAIMQDYFHDYDFDRATYHVGFT,1.0
TTVRLRAYMNTPGLPVCQDH,QEFFIASGAAVDAIMWGYFELYVIDRQTVHVGFT,1.0
PQQPFPQSQQPQQPFPQPQQ,YNYHQRXFATVLHSLYFGLSSFAIRKARVHLETT,0.0
KGQQYDIKYTWNVPKIAPK,QEFFIASGAAVDAIMESSFDYFDFDRATYHVGFT,1.0
EVNQIVTTNVRLKQQW,CNYHQGGGARVAHIMFFGLTYYDVGTETVHVAGI,1.0
SGEGSFQASQENP,YNYHERRFATVLHIVYFAYTYYDVRTETVHLETT,1.0
SHLVEALYLVCGERG,YNYHQRXFATVLHSLYFGLSSFAIRKARVHLETT,1.0
DQILRSMKGLSSTSI,QEFFIASGAAVDAIMWLFLECYDLQRATYHVGFT,0.0
TDEYVSRTSIYYYA,QEFFIASGAAVDAIMEVHFDYYDLQKATYHVGFT,1.0
CPKYVKQNTLKLATGMRNV,QEFFIASGAAVDAIMWLFLECYDLQRATYHVGFT,1.0
HVIEVQQINSERSWFF,QEFFIASGAAVDAIMEVHFDYYDLQKATYHVGFT,1.0
NGQIGNDPNRLIL,QEFFIASGAAVDAIMESSYDYFDLQKRNYHVVFT,1.0
FVERSKAYSNCYPYDV,QEFFIASGAAVDAIMWGYFELYVIDRQTVHVGFT,1.0
TEILSLFGPSLRDPI,QEFFIASGAAVDAIMWLFLECYDLQRATYHVGFT,1.0
NALYPMSPLLQECLR,QEFFIASGAAVDAIMWLFLECYDLQRATYHVGFT,0.0
VSAYQYRVFRVQLPDP,QEFFIASGAAVDAIMEVHFDYYDLQKATYHVGFT,1.0
AIAKLEDAKELLESS,QEFFIASGAAVDAIMWLFLECYDLQRATYHVGFT,0.0
KSYCEIIVTHFPFDEQNCS,QEFFIASGAAVDAIMEVHFDYYDLQKATYHVGFT,1.0
VAALNRRIQLLEEDL,QEFFIASGAAVDAIMWLFLECYDLQRATYHVGFT,1.0
RGFFYTPKTRRE,QEFFIASGAAVDAIMESSYDYFDLQKRNYHVVFT,1.0
TDYKKYLLFCMENSAEPEQSL,QEFFIASGAAVDAIMEVHFDYYSLQRATYHVGFT,1.0
LLRFQVTDLDEEYTD,QEFFIASGAAVDAIMESSFDYYALRRETYHVVFT,1.0
CEMPRSLTLEVCQCD,QEFFIASGAAVDAIMESSFDYYALRRETYHVVFT,1.0
EEVDMTPADALDDFD,YNYHQRXFATVLHSLYFGLSSFAIRKARVHLETT,1.0
TERVRFLDRYFHNQEENVR,QEFFIASGAAVDAIMWGYFELYVIDRQTVHVGFT,1.0
QPLALEGSLQSRG,QEFFIASGAAVDAIMEVHFDYYDLQKATYHVGFT,1.0
ALPMHIRLSFNPTQLEEQCHI,QEFFIASGAAVDAIMESSFDYYALRRETYHVVFT,1.0
IILPRSDCQVMQQQCCQQLA,YNYHQRXFATVLHSLYFGLSSFAIRKARVHLETT,0.0
VFFAEDVGSNKGAIIGL,QEFFIASGAAVDAIMWLFLECYDLQRATYHVGFT,1.0
VEIAEYRRLLRTVLE,QEFFIASGAAVDAIMWLFLECYDLQRATYHVGFT,1.0
EITNKVNSVIEKMNTQFTAV,QEFFIASGAAVDAIMEVHFDYYDLQKATYHVGFT,1.0
AGWLADQTVRYPI,QEFFIASGAAVDAIMEVHFDYYDLQKATYHVGFT,1.0
RQNIHSLSPQEREQF,QEFFIASGAAVDAIMEVHFDYYSLQRATYHVGFT,1.0
GSLTLAPPLLRVS,QEFFIASGAAVDAIMELSFEHYDLQKQNYHVGFT,1.0
KDLLEQKRGRVDNYC,QEFFIASGAAVDAIMESSYDYFDLQKRNYHVVFT,1.0
KQASAIKKEELVARSE,QEFFIASGAAVDAIMEVHFDYYDLQKATYHVGFT,0.0
DVFQSVKSLRLQR,QEFFIASGAAVDAIMELSFEHYDLQKQNYHVGFT,0.0
VMTRSSHQSLVIKLM,QEFFIASGAAVDAIMWLFLECYDLQRATYHAVFT,0.0
VRGWVFGSTMNNKSQSVI,QEFFIASGAAVDAIMEVHFDYYDLQKATYHVGFT,1.0
TGLRNIPSIQSRGLFGAIA,QEFFIASGAAVDAIMEVHFDYYDLQKATYHVGFT,1.0
FLGQQQPFPPQQPYPQPQ,YNYHQRXFATVLHSLYFGLSSFAIRKARVHLETT,1.0
QFLGQQQPFPPQQPYPQPQ,YNYHQRXFATVLHSLYFGLSSFAIRKARVHLETT,1.0
VSYQPLGDKVNFFRMVISNP,QEFFIASGAAVDAIMEVHFDYYDLQKATYHVGFT,1.0
NITLLNNCTRVEIAE,QEFFIASGAAVDAIMWLFLECYDLQRATYHAVFT,0.0
GWYRPPFSRVVHLYRNGKDQDGD,QEFFIASGAAVDAIMERSYDYYVLQKRNYHVGFT,1.0
VPDYASLRSLVASSG,QEFFIASGAAVDAIMWLFLECYDLQRATYHVGFT,1.0
PMPMPELPYPATP,YNYHQRXFATVLHSLYFGLSSFAIRKARVHLETT,1.0
TMKQICKKEIRRLHQY,QEFFIASGAAVDAIMEACNIYYDLRRETYYVVFT,1.0
PAYTPVGTSPLPGI,QEFFIASGAAVDAIMEVHFDYYDLQKATYHVGFT,0.0
TSLYNLRRGTALA,QEFFIASGAAVDAIMWLFLECYDLQRATYHVGFT,1.0
HENVVHFFKDGELV,QEFFIASGAAVDAIMWPRFDYFDIQAATYHVVFT,1.0
AVRQIFGDYKTTICGKGLSA,QEFFIASGAAVDAIMESSFDYFDFDRATYHVGFT,1.0
DVNYAFLHATDLLAACDGER,QEFFIASGAAVDAIMWLFLECYDLQRATYHVGFT,1.0
QQAQQSFPEQERP,YNYHQRXFATVLHSLYFGLTYYAVRTETVHLETT,1.0
FGATVELLSFLPSDF,QEFFIASGAAVDAIMEVHFDYYDLQKATYHVGFT,1.0
HQPQQTFPQPQQTYPHQPQQ,YNYHQRXFATVLHSLYFGLSSFAIRKARVHLETT,0.0
GATVELLSFLPSDFF,QEFFIASGAAVDAIMEVHFDYYDLQKATYHVGFT,1.0
VFTDNSSPPAVPQSFQVA,QEFFIASGAAVDAIMEVHFDYYDLQKATYHVGFT,1.0
GHAVGLFRAAVCTRGVAK,QEFFIASGAAVDAIMEVHFDYYDLQKATYHVGFT,1.0
QPVEFNQAINYVN,QEFFIASGAAVDAIMEVHFDYYDIDEATYHVVFT,1.0
VAAFAYQIEELMI,YNYHQRXFATVLHSLYFGLSSFAIRKARVHLETT,1.0
DSVILIKCDERGKMIPSDLE,QEFFIASGAAVDAIMEVHFDYYDLQKATYHVGFT,1.0
QQPQQSFPEQARP,YNYHQRXFATVLHSLYFGLTYYAVRTETVHLETT,1.0
NKFLAEIEDELFN,YNYHQRXFATVLHSLYFGLSSFAIRKARVHLETT,1.0
AGLLKAVEAYLVAHPDLYK,QEFFIASGAAVDAIMWPRFDYFDIQAATYHVVFT,1.0
PKYVKKNTLKLAT,QEFFIASGAAVDAIMWLFLECYDLQRATYHVGFT,1.0
GSLTLTPPLLRVS,QEFFIASGAAVDAIMELSFEHYDLQKQNYHVGFT,1.0
FYLKNVQTQETRT,QEFFIASGAAVDAIMEVHFDYYDLQKATYHVGFT,1.0
KMIEKMNTQTEVR,QEFFIASGAAVDAIMEVHFDYYDLQKATYHVGFT,1.0
FAIVKFTKVLLQYTGH,CNYHQGGGARVAHIMYFGLTHYVVRTETVHVGGI,1.0
PNYPAIPSDATLE,QEFFIASGAAVDAIMEVHFDYYDLQKATYHVGFT,0.0
LVEALYLVCGERG,YNYHERRFATVLHIVYFGLTYYAVRTETVHLETT,1.0
QNPSQQQPQEQVPLVQQQ,YNYHQRXFATVLHSLYFGLSSFAIRKARVHLETT,1.0
LLSRNTGEVRTLTNSLD,QEFFIASGAAVDAIMESSFDYFDIDEATYHVVFT,1.0
GEPMPMPELPYPA,YNYHQRXFATVLHSLYFGLSSFAIRKARVHLETT,1.0
PEAKYDAYVATLSEALRIIAG,QEFFIASGAAVDAIMWLFLECYDLQRATYHVGFT,1.0
DCLLCAYSIEFGTNISKEHD,QEFFIASGAAVDAIMKDFYHGYVFRRETVHVGFT,1.0
LKAMTADQEVPEKPDS,QEFFIASGAAVDAIMESSYDYFDLQKRNYHVVFT,0.0
AAQNVHFWKALNQL,QEFFIASGAAVDAIMWPRFDYFDIQAATYHVVFT,1.0
SYFIVLSIAYPTLSE,QEFFIASGAAVDAIMWLFLECYDLQRATYHVGFT,0.0
GRHLIFCHSKRKCDELATKL,QEFFIASGAAVDAIMWPRFDYFDIQAATYHVVFT,1.0
LFFEFYRLLHDA,YAFFMFSGGAILNTLFGQFEYFDIEEVRMHLGMT,1.0
DKFKTFEAAFTSSSKAAAA,QEFFIASGAAVDAIMWLFLECYDLQRATYHVGFT,1.0
YINNELIPSMNQLSC,QEFFIASGAAVDAIMWLFLECYDLQRATYHVGFT,1.0
VRKLKARVDELERIR,QEFFIASGAAVDAIMERSYDYYVLQKRNYHVGFT,1.0
TRLILQYLDSERRQIL,QEFFIASGAAVDAIMEVHFDYYDLQKATYHVGFT,1.0
VNALYLVSGDEVQI,YNYHERRFATVLHIVYFGLTYYAVRTETVHLETT,1.0
QSFLQQQMNPCKNFLLQQCN,YNYHQRXFATVLHSLYFGLSSFAIRKARVHLETT,0.0
SYLTNMFATWSP,QEFFIASGAAVDAIMWLFLECYDLQRATYHVGFT,1.0
KRECHFFNGTERVRF,QEFFIASGAAVDAIMQDYFHDYDFDRATYHVGFT,1.0
RNKYLEEHPSAGKD,QEFFIASGAAVDAIMEVHFDYYDLQKATYHVGFT,1.0
MVCLKLPGGSCMTALTVTL,QEFFIASGAAVDAIMESSFDYFDFDRATYHVGFT,1.0
RQLQVDKTKLSRA,QEFFIASGAAVDAIMESSYDYFDLQKRNYHVVFT,1.0
LQVPSPSMGRDIKVQFQSGG,QEFFIASGAAVDAIMESSYDYFDLQKRNYHVVFT,1.0
LQFLSDLEELIT,YNYHQRXFATVLHSLYFGLSSFAIRKARVHLETT,0.0
NAFVNVLAEPPRI,YNYHQRXFATVLHSLYFGLSSFAIRKARVHLETT,1.0
LDNVVAKKSVPHFSDE,QEFFIASGAAVDAIMEVHFDYYDLQKATYHVGFT,0.0
LEKDNAMDRADTLEQ,QEFFIASGAAVDAIMESSYDYFDLQKRNYHVVFT,1.0
LKMLQIPSINVHH,QEFFIASGAAVDAIMEVHFDYYDIDEATYHVVFT,1.0
EFVVEFDLPGIKA,QEFFIASGAAVDAIMEVHFDYYDLQKATYHVGFT,1.0
YDLSYDTGDKALQCGRHVDV,QEFFIASGAAVDAIMEVHFDYYDLQKATYHVGFT,1.0
TNIFYHASSSRLLAV,QEFFIASGAAVDAIMWGYFELYVIDRQTVHVGFT,1.0
KALPVVLENARILKNCV,QEFFIASGAAVDAIMESSFDYFDIDEATYHVGFT,1.0
YRRLLRTVLEPIRDA,QEFFIASGAAVDAIMWLFLECYDLQRATYHVGFT,1.0
ERMSRLSKVAPVIKA,YNYHERRFATVLHIVYFGLTYYAVRTETVHLETT,0.0
LVGAPFASLVATGLCFFGVA,QEFFIASGAAVDAIMWPRFDYFDIQAATYHVVFT,1.0
VSPMCAWCSDEALPL,QEFFIASGAAVDAIMERSYDYYVLQKRNYHVGFT,1.0
WGPDPAAAFVNQHLCG,QEFFIASGAAVDAIMEVHFDYYDLQKATYHVGFT,0.0
LKIIAVFDSKLIS,QEFFIASGAAVDAIMWPRFDYFDIQAATYHVVFT,1.0
RTELLKDAIGEGK,QEFFIASGAAVDAIMEVHFDYYDLQKATYHVGFT,1.0
SYITNMFATWSP,QEFFIASGAAVDAIMWLFLECYDLQRATYHVGFT,1.0
CKNFLLQQCNHVSLVSSLVS,YNYHQRXFATVLHSLYFGLSSFAIRKARVHLETT,0.0
QQPQLPFPQQPQQPFPQPQQ,YNYHQRXFATVLHSLYFGLSSFAIRKARVHLETT,0.0
SPMCAWCSDEALPLG,QEFFIASGAAVDAIMERSYDYYVLQKRNYHVGFT,1.0
SANNIHFMRQSEIG,QEFFIASGAAVDAIMWPRFDYFDIQAATYHVVFT,1.0
MYAAMIARFKMF,QEFFIASGAAVDAIMWLFLECYDLQRATYHVGFT,1.0
LNSKIAFKIVSQEPA,QEFFIASGAAVDAIMEVHFDYYDIDEATYHVVFT,0.0
FGSLAFLPESFDG,YNYHQRXFATVLHSLYFGLSSFAIRKARVHLETT,1.0
RSLRTVTPIRMQGGCGSCWAF,CNYHQGGGARVAHIMFFGLTYYDVGTETVHVAGI,1.0
VCGERGFFYTPKTRRE,QEFFIASGAAVDAIMEVHFDYYDLQKATYHVGFT,0.0
FAERSVQKLQKEVDR,QEFFIASGAAVDAIMWLFLECYDLQRATYHVGFT,1.0
HGSEPCIIHRGKPFQLEAV,QEFFIASGAAVDAIMESSFDYFDFDRATYHVGFT,1.0
NKFLSEIEDELFN,YNYHQRXFATVLHSLYFGLSSFAIRKARVHLETT,1.0
IDTLKKNENIKEL,QEFFIASGAAVDAIMELSFEHYDLQKQNYHVGFT,1.0
GNFPDRFSGHQFPNYSSELN,QEFFIASGAAVDAIMQDYFHDYDFDRATYHVGFT,0.0
AAIRNDVAKQRAA,QEFFIASGAAVDAIMESSYDYFDLQKRNYHVVFT,1.0
GNRFILSQGNLIANC,QEFFIASGAAVDAIMWLFLECYDLQRATYHVGFT,0.0
EDHRQVVEVTVGLQLI,YNYHQRXFATVLHSLYFGLSSFAIRKARVHLETT,1.0
ALAVLHFYPDKGAKN,QEFFIASGAAVDAIMWPRFDYFDIQAATYHVVFT,1.0
VFGKQDEEFFFQGPEWRKEK,QEFFIASGAAVDAIMQDYFHDYDFDRATYHVGFT,1.0
GRTVIIEQGWGSPKVT,QEFFIASGAAVDAIMEVHFDYYDLQKATYHVGFT,0.0
LPFFLLPSFFNNT,YAFFMFSGGAILNTLFGQFEYFDIEEVRMHLGMT,1.0
LQFLSDLEELITK,YNYHQRXFATVLHSLYFGLSSFAIRKARVHLETT,1.0
IGECHMSESYIDR,CNYHQGGGARVAHIMFFGLTYYDVGTETVHVAGI,1.0
DLQRSAMVYSSDD,CNYHQGGGARVAHIMFFGLTYYDVGTETVHVAGI,1.0
QPVEFNHAIHYVN,QEFFIASGAAVDAIMEVHFDYYDIDEATYHVVFT,0.0
EDEIDGPAGQAEPDRA,YNYHQRXFATVLHSLYFGLSSFAIRKARVHLETT,1.0
PQQPFPQQPQQPYPQQP,YNYHQRXFATVLHSLYFGLSSFAIRKARVHLETT,1.0
GGLLMSRKHKWKLSGVERAN,QEFFIASGAAVDAIMEVHFDYYDLQKATYHVGFT,1.0
MDIDPYKEFGATVEL,QEFFIASGAAVDAIMWLFLECYDLQRANYHVVFT,0.0
MHCQTTLKYAIKTGH,YNYHERRFATVLHIVYFGLTYYAVRTETVHLETT,1.0
LPFFLLASFFNNT,YAFFMFSGGAILNTLFGQFEYFDIEEVRMHLGMT,1.0
LSWHDDLTQYVIS,QEFFIASGAAVDAIMEVHFDYYDLQKATYHVGFT,1.0
VGSDWRFLRGYHQYAYDG,QEFFIASGAAVDAIMWPRFDYFDIQAATYHVGFT,1.0
QFPQTQQPQQPFPQPQQTFP,YNYHQRXFATVLHSLYFGLSSFAIRKARVHLETT,1.0
KLVAMGINAVAYYRGLDVSV,QEFFIASGAAVDAIMWPRFDYFDIQAATYHVVFT,1.0
PKYQKQNTLKLAT,QEFFIASGAAVDAIMWLFLECYDLQRATYHVGFT,1.0
FPGQQQPFPPQQPYPQPQPF,YNYHQRXFATVLHSLYFGLSSFAIRKARVHLETT,1.0
TDEYVTRTNLFYHA,QEFFIASGAAVDAIMEVHFDYYDLQKATYHVGFT,1.0
QQQLHKYQNKLAKLI,QEFFIASGAAVDAIMWPRFDYFDIQAATYHVVFT,1.0
RTQRIHFFKGDKVW,QEFFIASGAAVDAIMWPRFDYFDIQAATYHVVFT,1.0
MSYLEDLRLVHRD,QEFFIASGAAVDAIMESSYDYFDLQKRNYHVVFT,1.0
QQGYYPTSPQQSG,YNYHERRFATVLHIVYFGLTYYDVRTETVHLETT,1.0
AAQRIHFFKNLSLL,QEFFIASGAAVDAIMWPRFDYFDIQAATYHVVFT,1.0
ELLSFLPSDFFPSVR,QEFFIASGAAVDAIMEVHFDYYDLQKATYHVGFT,0.0
NRRGLDLLFWEQGGLCKALQE,QEFFIASGAAVDAIMWLFLECYDLQRATYHVGFT,1.0
VCVMLNTNVLLWL,QEFFIASGAAVDAIMEVHFDYYDIDEATYHVVFT,1.0
SLGNIHFFKSEVVR,QEFFIASGAAVDAIMWPRFDYFDIQAATYHVVFT,1.0
FMESGEWVIKESRGWKH,YNYHERRFATVLHIVYFGLTYYAVRTETVHLETT,1.0
MVWESGCTVIVMLTPLVEDGV,QEFFIASGAAVDAIMEVHFDYYDLQKATYHVGFT,1.0
GIVEQCCTSICSLYQ,QEFFIASGAAVDAIMEVHFDYYDLQKATYHVGFT,1.0
KLLIQFQNNGVVDD,QEFFIASGAAVDAIMQDYFHDYDFDRATYHVGFT,1.0
TRIPKIQQLVKEFFNGKEPS,QEFFIASGAAVDAIMEVHFDYYSLQRATYHVGFT,1.0
ETVPRSGEVYTCQVE,QEFFIASGAAVDAIMQDYFHDYDFDRATYHVGFT,1.0
VLVLNPSVAATLGFGAYM,QEFFIASGAAVDAIMEVHFDYYDLQKATYHVGFT,1.0
KHIRSQRNYLVQT,QEFFIASGAAVDAIMELSFEHYDLQKQNYHVGFT,1.0
SFHYLRSRDASSGEE,QEFFIASGAAVDAIMEVHFDYYDLQKATYHVGFT,1.0
PYKEFGATVELLSFL,QEFFIASGAAVDAIMEVHFDYYDLQKATYHVGFT,1.0
REVEKAKRALSSQHQA,QEFFIASGAAVDAIMEVHFDYYDLQKATYHVGFT,0.0
HPFALSLFEDILY,YAFFMFSGGAILNTLFGQFEYFDIEEVRMHLGMT,1.0
GGVAVVIGRFFG,QEFFIASGAAVDAIMQDYFHDYDFDRATYHVGFT,1.0
NAFVNVIAEPPRI,YNYHQRXFATVLHSLYFGLSSFAIRKARVHLETT,0.0
PDYVKQNTLKLAT,QEFFIASGAAVDAIMWLFLECYDLQRATYHVGFT,1.0
PSFFNNTSLARFF,QEFFIASGAAVDAIMELSFEHYDLQKQNYHVGFT,1.0
QQPAQSFPEQERP,YNYHQRXFATVLHSLYFGLTYYAVRTETVHLETT,1.0
VSGLQYRVFRVRLPDP,QEFFIASGAAVDAIMEVHFDYYDLQKATYHVGFT,1.0
QSGTMRTRHSTGGTN,QEFFIASGAAVDAIMEVHFDYYDIDEATYHVVFT,1.0
SEADALYLVSSEEVLY,YNYHERRFATVLHIVYFGLTYYAVRTETVHLETT,1.0
LGAIREDNNITLKLD,QEFFIASGAAVDAIMESSYDYFDLQKRNYHVVFT,1.0
ICKKYKIWMHVDAAWGGGLL,QEFFIASGAAVDAIMEVHFDYYDLQKATYHVGFT,1.0
PKSGHDTVSWYQQALGQG,QEFFIASGAAVDAIMWPRFDYFDIQAATYHVVFT,1.0
LRAYMNTPGLPV,QEFFIASGAAVDAIMWGYFELYVIDRQTVHVGFT,1.0
QQPQQSFPEAERP,YNYHQRXFATVLHSLYFGLTYYAVRTETVHLETT,1.0
YLEDYSLRKGISE,QEFFIASGAAVDAIMESGFDYYDFDRLTYHVGFT,1.0
SYFTNMFPTWSPSKARLHLQ,QEFFIASGAAVDAIMWLFLECYDLQRATYHVGFT,1.0
SAEGSFQPSQENP,YNYHERRFATVLHIVYFAYTYYDVRTETVHLETT,1.0
TVELLSFLPSDFFPS,QEFFIASGAAVDAIMEVHFDYYDLQKATYHVGFT,1.0
PRLLIHYTSALQPGI,QEFFIASGAAVDAIMWGYFELYVIDRQTVHVGFT,1.0
RYFTNMFATWSP,QEFFIASGAAVDAIMWLFLECYDLQRATYHVGFT,1.0
NQEILELAQSETCSPG,QEFFIASGAAVDAIMEVHFDYYDLQKATYHVGFT,1.0
PKYVKQNTLHLAT,QEFFIASGAAVDAIMWLFLECYDLQRATYHVGFT,1.0
DPYKEFGATVELLSF,QEFFIASGAAVDAIMEVHFDYYDLQKATYHVGFT,1.0
LGQQQPFPPQQPYPQPQ,YNYHQRXFATVLHSLYFGLSSFAIRKARVHLETT,1.0
PFPQPQQTFPQQPQLPFPQQ,YNYHQRXFATVLHSLYFGLSSFAIRKARVHLETT,1.0
KKYVKQNTLKLAT,QEFFIASGAAVDAIMWLFLECYDLQRATYHVGFT,1.0
QKGRGSRGQHQAHSLERVCH,QEFFIASGAAVDAIMWPRFDYFDIQAATYHVVFT,1.0
FMAVLLTLQTPTGQI,QEFFIASGAAVDAIMWLFLECYDLQRATYHVGFT,1.0
APLEGVIVELEVL,YNYHQRXFATVLHSLYFGLSSFAIRKARVHLETT,1.0
FGSLSFLPESFDG,YNYHQRXFATVLHSLYFGLSSFAIRKARVHLETT,1.0
VRVFQATRGKLSSKCSVVLG,QEFFIASGAAVDAIMEVHFDYYDLQKATYHVGFT,1.0
SFPQQQQPAIQSFLQQQMNP,YNYHQRXFATVLHSLYFGLSSFAIRKARVHLETT,0.0
SGEGSFAPSQENP,YNYHERRFATVLHIVYFAYTYYDVRTETVHLETT,1.0
DANLISIDIKNDLYEKTL,QEFFIASGAAVDAIMESSYDYFDLQKRNYHVVFT,1.0
ALVLPHWNLNSHSIIYGCKG,QEFFIASGAAVDAIMEVHFDYYDLQRATYHVVFT,1.0
SVRFSWLSLLVPFVQWF,QEFFIASGAAVDAIMESGLEHFVIDRATYHAVFT,1.0
SDVGEFRAVTELGRP,QEFFIASGAAVDAIMQDYFHDYDFDRATYHVGFT,1.0
MNASIHFLKALETY,QEFFIASGAAVDAIMWPRFDYFDIQAATYHVVFT,1.0
NANVLHFLKNIICQ,QEFFIASGAAVDAIMWPRFDYFDIQAATYHVVFT,1.0
PEVGRITSLNSLNLPILKWL,QEFFIASGAAVDAIMEVHFDYYDLQRATYHVVFT,1.0
SAEVMAYIHTMNPSV,QEFFIASGAAVDAIMWGYFELYVIDRQTVHVGFT,1.0
MQQQCCQQLAQIPQQLQCAA,YNYHQRXFATVLHSLYFGLSSFAIRKARVHLETT,0.0
KNLLKIAQYAAQNRR,QEFFIASGAAVDAIMKDFYHGYVFRRETVHVGFT,1.0
QAPQQSFPEQERP,YNYHQRXFATVLHSLYFGLTYYAVRTETVHLETT,1.0
TGINFDQPSVQKA,QEFFIASGAAVDAIMESSYDYFDLQKRNYHVVFT,0.0
SLLDAQSAPLRVYVEELK,QEFFIASGAAVDAIMEVHFDYYSLQRATYHVGFT,1.0
DVNYAFLHATDLAPACDGER,QEFFIASGAAVDAIMWLFLECYDLQRATYHVGFT,1.0
MGFIQSMSALRGM,QEFFIASGAAVDAIMELSFEHYDLQKQNYHVGFT,1.0
ERNAGSGIIISDT,CNYHQGGGARVAHIMFFGLTYYDVGTETVHVAGI,1.0
GTIINQDPDKILTYI,QEFFIASGAAVDAIMWLFLECYDLQRATYHVGFT,1.0
LRPLFQLAQGLGIIQPQQPA,YNYHQRXFATVLHSLYFGLSSFAIRKARVHLETT,1.0
PKYVNQTTLKLAT,QEFFIASGAAVDAIMWLFLECYDLQRATYHVGFT,0.0
LSQGNLIANCASILC,QEFFIASGAAVDAIMWLFLECYDLQRATYHVGFT,1.0
FRLKINEETPLK,QEFFIASGAAVDAIMEVHFDYYDIDEATYHVVFT,0.0
QYLKKIQNSLST,QEFFIASGAAVDAIMEVHFDYYDLQKATYHVGFT,1.0
NQEEFVRFDSDVGEYRAVT,QEFFIASGAAVDAIMESSFDYFDFDRATYHVGFT,1.0
SFDRSTKVIDFH,QEFFIASGAAVDAIMESGFDYYSFDRLTYHVGFT,1.0
SCLRGDVVISGNKG,QEFFIASGAAVDAIMEVHFDYYDLQKATYHVGFT,1.0
KEWQALCAYQAEPNT,QEFFIASGAAVDAIMEVHFDYYDLQKATYHVGFT,0.0
LKEARFLAEEADRKY,QEFFIASGAAVDAIMWLFLECYDLQRATYHVGFT,1.0
SSYFTFNLQNIV,YAFFMFSGGAILNTLFGQFEYFDIEEVRMHLGMT,1.0
ALMVPHWNFNAHSIVYGCKG,QEFFIASGAAVDAIMEVHFDYYDLQRATYHVVFT,1.0
ERVRFLDRYFYNQEE,QEFFIASGAAVDAIMWPRFDYFDIQAATYHVVFT,1.0
STVASAQIHLYYN,QEFFIASGAAVDAIMWPRFDYFDIQAATYHVVFT,1.0
HVDTESYFIVLSIAY,QEFFIASGAAVDAIMWLFLECYDLQRATYHVGFT,0.0
FPQQPQQPYPQQPQQ,YNYHERRFATVLHIVYFGLTYYAVRTETVHLETT,0.0
VSSVSSQFSDAAQASPSSHSS,QEFFIASGAAVDAIMEVHFDYYDLQKATYHVGFT,1.0
SVGKIHFFKMEVVS,QEFFIASGAAVDAIMWPRFDYFDIQAATYHVVFT,1.0
PKYVKQNTLKLET,QEFFIASGAAVDAIMWLFLECYDLQRATYHVGFT,1.0
REFTKASNVRLRF,QEFFIASGAAVDAIMELSFEHYDLQKQNYHVGFT,1.0
MEVGWYRPPFSRVVHLYRNGK,QEFFIASGAAVDAIMWPRFDYFDIQAATYHVVFT,1.0
TWQGGSGMASHIIYE,QEFFIASGAAVDAIMEVHFDYYSLQRATYHVGFT,1.0
VAAFSYQIEELMI,YNYHQRXFATVLHSLYFGLSSFAIRKARVHLETT,0.0
AGWLADGSLRYPI,QEFFIASGAAVDAIMEVHFDYYDLQKATYHVGFT,1.0
ATGLCFFGVALFCGCGHEAL,QEFFIASGAAVDAIMQDYFHDYDFDRATYHVGFT,1.0
QPVEFNHAINYVN,QEFFIASGAAVDAIMEVHFDYYDIDEATYHVVFT,0.0
QLRHLPSRVRYPHYS,QEFFIASGAAVDAIMWPRFDYFDIQAATYHVGFT,1.0
SHGRTQDENPVVHFFK,QEFFIASGAAVDAIMQDYFHDYDFDRATYHVGFT,1.0
FLGAGLFIYFKNQKG,QEFFIASGAAVDAIMWPRFDYFDIQAATYHVVFT,1.0
EGTVVAVGPGRWDED,QEFFIASGAAVDAIMQDYFHDYDFDRATYHVGFT,1.0
HKWKLSGVERANSVTWNPHK,QEFFIASGAAVDAIMEVHFDYYDLQKATYHVGFT,1.0
GRHLIFCHSKKKCDELATKL,QEFFIASGAAVDAIMWPRFDYFDIQAATYHVVFT,1.0
VLSSPLALAGDTRPR,CNYHQGGGARVAHIMFFGLTYYDVGTETVHVAGI,1.0
LQFVKDHPLMDDL,QEFFIASGAAVDAIMESSYDYFDLQKRNYHVVFT,1.0
VSGYVHFFRGLPLL,QEFFIASGAAVDAIMWPRFDYFDIQAATYHVVFT,1.0
RAEIVSEAEPEVD,YNYHQRXFATVLHSLYFGLSSFAIRKARVHLETT,0.0
VFGNVHFFKNTGSA,QEFFIASGAAVDAIMWPRFDYFDIQAATYHVVFT,1.0
KPGVIFLTKRSRQV,QEFFIASGAAVDAIMESSFDYFDFDRATYHVVFT,1.0
ESSCTFMPEGTVCSQ,QEFFIASGAAVDAIMWLFLECYDLQRATYHVGFT,0.0
GEKRAYAASDPGRYC,QEFFIASGAAVDAIMWPRFDYFDIQAATYHVVFT,0.0
AMNFADLQTNKSDVP,QEFFIASGAAVDAIMEVHFDYYDLQKATYHVGFT,1.0
VSIDKFRIFCKALNPK,QEFFIASGAAVDAIMESSFDYFDFDRATYHVGFT,1.0
KEFGATVELLSFLPS,QEFFIASGAAVDAIMEVHFDYYDLQKATYHVGFT,1.0
IKLKVESSPSRSDYINASPI,QEFFIASGAAVDAIMEVHFDYYDLQKATYHVGFT,1.0
KIYHKCDNACIGSIRN,QEFFIASGAAVDAIMWGYFELYVIDRQTVHVGFT,1.0
QVPLVQQQQFLGQQQPFPPQ,YNYHQRXFATVLHSLYFGLSSFAIRKARVHLETT,1.0
DSVTPMILKAQKGGNL,QEFFIASGAAVDAIMWLFLECYDLQRATYHVGFT,1.0
VAAFAYNIEELMI,YNYHQRXFATVLHSLYFGLSSFAIRKARVHLETT,1.0
DANLISIDIKNELYEKTL,QEFFIASGAAVDAIMESSYDYFDLQKRNYHVVFT,1.0
GAGSLQPLALEGSLQKRG,QEFFIASGAAVDAIMEVHFDYYDLQKATYHVGFT,1.0
HMVYSKRSGKPR,QEFFIASGAAVDAIMEVHFDYYDLQKATYHVGFT,1.0
NGQIGNDPNREIL,QEFFIASGAAVDAIMESSYDYFDLQKRNYHVVFT,1.0
ITKYFMKLGGSGSP,QEFFIASGAAVDAIMWLFLECYDLQRATYHVGFT,1.0
SAMVYSSDDIPPR,CNYHQGGGARVAHIMFFGLTYYDVGTETVHVAGI,1.0
